SET DATEFORMAT DMY; 

INSERT INTO Pulse.Utilizador VALUES ( '50338260', 'Matilde Faria Costa', '11-7-1974', '3A Tedder Road, South Croydon,CR2 8AP', 'mfc@gmail.com', '231555734', '999478604', '252309921', CONVERT(VARBINARY(128),'JXNQmzp79m'));
INSERT INTO Pulse.Utilizador VALUES ( '55914767', 'Mariana Costa Soares', '8-4-1950', '27A Union Street, Halifax,HX1 1PR', 'mcs@hotmail.com', '228462282', '935106999', '391303998',  CONVERT(VARBINARY(128),'zbWCvjM7z8'));
INSERT INTO Pulse.Utilizador VALUES ( '00675411', 'Aurora Maria dos Santos Silva', '5-11-1996', '1 Gade Bank, Croxley Green,WD3 3GD', 'AuroraMSS@live.com.pt', '243726930', '976645928', '578431091',  CONVERT(VARBINARY(128),'uP4NcVR7Ac'));     
INSERT INTO Pulse.Utilizador VALUES ( '48501213', 'Gonçalo da Costa', '21-6-1958', 'Handgate Farm, Handgate Lane, Church Lench,WR11 4LY', 'CostaGoncalo21@gmail.com', '267548242', '998279557', '745472560',  CONVERT(VARBINARY(128),'sS4Raxwbg9'));
INSERT INTO Pulse.Utilizador VALUES ( '45671849', 'Nazaré Ferreira Gomes', '21-5-1982', '113 Lloyd Street, Sheffield,S4 8JD', 'nazareFG@gmail.com', '213663896', '917222031', '565343760',  CONVERT(VARBINARY(128),'4wGZe3uk5a'));
INSERT INTO Pulse.Utilizador VALUES ( '00358934', 'Felix Jerónimo Aguiar', '5-10-1973', '60 Denham Road, Egham,TW20 9DF', 'fjaguiar@hotmail.com', '273801195', '910237508', '454376168',  CONVERT(VARBINARY(128),'usTmbbuNjM'));
INSERT INTO Pulse.Utilizador VALUES ( '54885332', 'Emanuela Pinto', '14-2-1946', '77 Woodburn Drive, Chapeltown,S35 1YT', 'EmPinto@live.com.pt', '271821912', '915067338', '371704418',  CONVERT(VARBINARY(128),'AxMrBNTY7f'));
INSERT INTO Pulse.Utilizador VALUES ( '49538223', 'Glória Cruz Silva', '31-5-1984', '2 Bunkers Hill, Beaumaris,LL58 8EP', 'gloriacruzsilva@gmail.com', '261393207', '959782463', '761436445',  CONVERT(VARBINARY(128),'v7TqFNnDUy'));
INSERT INTO Pulse.Utilizador VALUES ( '52022543', 'Gonçalo Vaz Dinis', '14-10-1964', '34 Foxglove Close, Stanwell,TW19 7UE', 'gvd@gmail.com', '291081384', '911672673', '922783894',  CONVERT(VARBINARY(128),'abc'));
INSERT INTO Pulse.Utilizador VALUES ( '23637966', 'Heitor Carvalho Marques', '16-11-1998', '4 Viking Close, Swaffham,PE37 7TL', 'hcm@gmail.com', '286270497', '980794241', '150538154',  CONVERT(VARBINARY(128),'ceyhmvAXFW'));
INSERT INTO Pulse.Utilizador VALUES ( '11503296', 'Pedro António Casimiro', '29-10-1981', 'The Chestnuts, Highfield,YO8 6DL', 'pedroacasimiro@live.com.pt', '289418390', '926058972', '163810234',  CONVERT(VARBINARY(128),'GjLrvKkGRe'));       
INSERT INTO Pulse.Utilizador VALUES ( '10038011', 'Madalena Carvalho Aragão', '27-1-1955', '29 Headswell Avenue, Bournemouth,BH10 6JX', 'madalenaca198@gmail.com', '249199062', '947448040', '702247549',  CONVERT(VARBINARY(128),'YRewXbWJuj'));
INSERT INTO Pulse.Utilizador VALUES ( '51169701', 'Floriano Marques Mendes', '19-10-1979', '82 Manor Park North, Knutsford,WA16 8DQ', 'floriM&M@gmail.com', '228566431', '917101444', '544895863',  CONVERT(VARBINARY(128),'5f3dVAWGxN'));
INSERT INTO Pulse.Utilizador VALUES ( '47572155', 'Cláudia Santos Fontes', '29-9-1964', 'Tycam, Abercych,SA37 0HJ', 'claudiasfontes@sapo.pt', '247470213', '922146150', '976225427',  CONVERT(VARBINARY(128),'jWFghxkcHf'));
INSERT INTO Pulse.Utilizador VALUES ( '36761300', 'Patricia Finote', '29-1-1990', '3 Howard Street, Ossett,WF5 9LJ', 'pfinote@gmail.com', '255186724', '979083305', '335104799',  CONVERT(VARBINARY(128),'MteyvrmQNY'));
INSERT INTO Pulse.Utilizador VALUES ( '55943877', 'Rogério Samora Castro', '16-8-1987', '116 Perrys Lane, Wroughton,SN4 9AJ', 'rogeriasamora@hotmail.com', '217990553', '989044232', '516883327',  CONVERT(VARBINARY(128),'DuvXtCQYLk'));
INSERT INTO Pulse.Utilizador VALUES ( '00590444', 'Olívia Santos Pereira', '11-9-1965', '43 Wayfarers End, Longwick,HP27 9FT', 'osp11@gmail.com', '237352831', '993784709', '787082923',  CONVERT(VARBINARY(128),'SJvpGz9cHC'));
INSERT INTO Pulse.Utilizador VALUES ( '02235726', 'Luís Miguel Sousa', '22-4-1970', '20 Flanders Road, London,W4 1NG', 'lms@gmail.com', '215748663', '988667348', '975975462',  CONVERT(VARBINARY(128),'ZhW3WCA8Wg'));
INSERT INTO Pulse.Utilizador VALUES ( '53785363', 'Custódia Gomes Soares', '19-5-1966', 'The Moorings, Woods End, Bramerton,NR14 7ED', 'custodiagsous@live.com', '272075898', '912039418', '486155874',  CONVERT(VARBINARY(128),'9ScqNvpYqX'));  
INSERT INTO Pulse.Utilizador VALUES ( '42849568', 'Duarte Blanco', '16-10-1988', '16 Ffordd Eleth, Moelfre,LL72 8LU', 'duartoOblanco@yahoo.com', '276963202', '971340133', '535823462',  CONVERT(VARBINARY(128),'jwPk9dGgkN'));
INSERT INTO Pulse.Utilizador VALUES ( '35747368', 'José Bernardo Martins Moura', '7-12-1991', '19 Chalfont Drive, Hove,BN3 6QR', 'josebmm@outlook.com', '225178125', '914027957', '904289958',  CONVERT(VARBINARY(128),'LbAnL88Sd4'));
INSERT INTO Pulse.Utilizador VALUES ( '40044245', 'Filipa Alves Andrino', '12-3-1947', '67 Milton Road, Liversedge,WF15 7BB', 'filipaalves12@gmail.com', '283263567', '927709708', '885018316',  CONVERT(VARBINARY(128),'Ktbusw73fp'));
INSERT INTO Pulse.Utilizador VALUES ( '46274855', 'Flávia Alexandra Pereira', '25-1-1985', '85 Huntingdon Road, Thrapston,NN14 4NF', 'flaviaalexp6@hotmail.com', '255806819', '994575734', '509010171',  CONVERT(VARBINARY(128),'yYWjgXNgtr'));
INSERT INTO Pulse.Utilizador VALUES ( '37218741', 'Rita Maria Conceição Coelhos Pereira Martins', '14-12-1991', '107 Framlingham Crescent, London,SE9 4AG', 'rmccpm@sapo.pt', '223520733', '990075596', '983613412',  CONVERT(VARBINARY(128),'FuhTAF8pTs'));
INSERT INTO Pulse.Utilizador VALUES ( '51237620', 'Beatriz Maria de Ferrage', '12-6-1972', '51 Percival Crescent, Eastbourne,BN22 9JY', 'beamariaferrage@gmaill.com', '289615300', '966388042', '382701917',  CONVERT(VARBINARY(128),'mzESgYh6tn'));
INSERT INTO Pulse.Utilizador VALUES ( '53594450', 'Prazeres Paula Pinto', '1-5-1960', '4 Gresley Wood Court, Ossett,WF5 9UE', 'prazeresSafada96@gmail.com', '299669060', '994311788', '761374803',  CONVERT(VARBINARY(128),'BYCPjVjbtK'));        
INSERT INTO Pulse.Utilizador VALUES ( '25896674', 'Norberto de Jesus Branco', '4-4-1967', '12 Marsden Road, London,N9 0SL', 'jesusnb@hotmail.com', '234551294', '995895600', '809861834',  CONVERT(VARBINARY(128),'hGkjpNAuB9'));
INSERT INTO Pulse.Utilizador VALUES ( '47856140', 'Raul Figueiredo Santinho', '5-3-1997', '252 Badminton Road, Coalpit Heath,BS36 2QH', 'rfsantinho@gmail.com', '257471070', '967315768', '276773263',  CONVERT(VARBINARY(128),'T9EfyJCgDR'));    
INSERT INTO Pulse.Utilizador VALUES ( '51724152', 'Marco Esteves', '11-3-1961', '12 Rothbury Road, Liverpool,L14 4AD', 'marcoesteves45@live.com', '235703175', '971616867', '432895958',  CONVERT(VARBINARY(128),'xGwnD2eRqd'));
INSERT INTO Pulse.Utilizador VALUES ( '44924226', 'José Paulo Sousa', '30-10-2001', '168 Aughton Road, Aughton,S26 3XE', 'jps@outlook.com', '227485083', '975349406', '630954523',  CONVERT(VARBINARY(128),'3B5qGJ5Zh8'));
INSERT INTO Pulse.Utilizador VALUES ( '08979822', 'Franciso da Concertina Gonçalves', '18-11-1998', '8 Waterfields, Chatteris,PE16 6PU', 'xicotinag@gmail.com', '231729047', '920732991', '884266003',  CONVERT(VARBINARY(128),'GRgem5sZ5L'));   
INSERT INTO Pulse.Utilizador VALUES ( '41747787', 'Paula Catarina Moreira', '10-6-1975', 'Castlegarth, Bullamoor, Northallerton,DL6 3QP', 'pcmoreira106@gmail.com', '234366991', '994647307', '472538234',  CONVERT(VARBINARY(128),'tAfaNRQNbs'));
INSERT INTO Pulse.Utilizador VALUES ( '17361311', 'Rosete Batista Sampaio', '2-1-1946', '4 Beare Cottages, Beare,EX5 3JZ', 'Rosetebsamp@hotmail.com', '228313723', '916398733', '727525236',  CONVERT(VARBINARY(128),'jdFwuYThdW'));
INSERT INTO Pulse.Utilizador VALUES ( '52845543', 'Márcia Areias Pereira', '3-4-1983', 'Pine Lodge, Crampshaw Lane, Ashtead,KT21 2UD', 'areiasmp@hotmail.com', '237145984', '962411863', '567132358',  CONVERT(VARBINARY(128),'pzFfb3XGtw'));
INSERT INTO Pulse.Utilizador VALUES ( '42141937', 'Joana Costa Bandeira Sá', '30-3-1962', '47 Eskdale Avenue, Aughton,L39 5EU', 'joanacbsa@live.com.pt', '241968641', '945030253', '281858081',  CONVERT(VARBINARY(128),'L8FqU2zpQj'));
INSERT INTO Pulse.Utilizador VALUES ( '55205096', 'Miguel Azevedo da Costa Tavares', '23-7-1988', '40 Ramsay Way, Burnham-On-Sea,TA8 2TS', 'miguelact@sapo.pt', '236363809', '966669913', '412133814',  CONVERT(VARBINARY(128),'ZdnYrsSgN3'));    
INSERT INTO Pulse.Utilizador VALUES ( '56399298', 'Carlos António Marques dos Santos Pereira', '2-7-1959', 'The Retreat, Ravenglass,CA18 1SW', 'camsp2@gmail.com', '237145591', '949425939', '382577858',  CONVERT(VARBINARY(128),'M4wVZTZwwJ'));
INSERT INTO Pulse.Utilizador VALUES ( '02302584', 'Vicentino Morais Macedo', '9-7-1998', 'Elm Cottage, Lyndhurst Road, Brockenhurst,SO42 7RJ', 'vicentinommacedo@hotmail.com', '283791102', '962943370', '385288542',  CONVERT(VARBINARY(128),'EBAAupLGXx'));
INSERT INTO Pulse.Utilizador VALUES ( '37185043', 'Clara Resende Borges', '18-1-1991', '55 Polden Street, Bridgwater,TA6 5EL', 'claraborges@hotmail.com', '254093899', '929389653', '350203256',  CONVERT(VARBINARY(128),'uPXujTBNSQ'));
INSERT INTO Pulse.Utilizador VALUES ( '27269553', 'Eduardo Alves Garcia', '18-4-1997', '34 Carroll Avenue, Ferndown,BH22 8BP', 'eduAG@gmail.com', '276892835', '923736642', '113190692',  CONVERT(VARBINARY(128),'HUHUWPsUPw'));
INSERT INTO Pulse.Utilizador VALUES ( '99123456', 'Amalia Machado Paiva', '12-4-1959', '70 - 71 High Street West, Sunderland,SR1 3DW', 'nottherealamalia@sapo.pt', '251350674', '985169303', '649608520',  CONVERT(VARBINARY(128),'CL8HJnDtjP'));
INSERT INTO Pulse.Utilizador VALUES ( '99123455', 'Sebastião Araújo Oliveira', '4-3-1959', '86 Banks Lane, Riddlesden,BD20 5PJ', 'sebasOliveira@gmail.com', '224112003', '962933251', '981761360',  CONVERT(VARBINARY(128),'3XK6sZvK6g'));      
INSERT INTO Pulse.Utilizador VALUES ( '99123454', 'Joel Correia Faria', '9-2-1988', '12 Fearnley Way, Newton-Le-Willows,WA12 8SQ', 'jcf88@sapo.pt', '243464746', '924649507', '987221681',  CONVERT(VARBINARY(128),'JMcDk8xrNn'));
INSERT INTO Pulse.Utilizador VALUES ( '99123453', 'Teresa Jorge', '29-4-1989', '5 West Lane, Cloughton,YO13 0AL', 'teresaJorge123@gmail.com', '223285927', '932624097', '779360092',  CONVERT(VARBINARY(128),'y3PSF5SBf8'));
INSERT INTO Pulse.Utilizador VALUES ( '99123452', 'Diana Almeida Monteiro', '30-6-1984', '54 Alexandra Drive, Surbiton,KT5 9AF', 'dianamonteiro@hotmail.com', '269753006', '940736669', '989623613',  CONVERT(VARBINARY(128),'UsMDxwe4qQ'));      
INSERT INTO Pulse.Utilizador VALUES ( '99123451', 'Gisela Torres', '14-1-1970', '3 Dunsters Mead, Welwyn Garden City,AL7 3JW', 'giselatorres@live.com.pt', '241787763', '928151472', '970867206',  CONVERT(VARBINARY(128),'def'));
INSERT INTO Pulse.Utilizador VALUES ( '99123445', 'Vitória Alves Leite', '7-10-1991', 'The Old School, Henham,NR34 8AB', 'vitorialeite@gmail.com', '228635603', '978381060', '520726135',  CONVERT(VARBINARY(128),'MwK7yJQyge'));
INSERT INTO Pulse.Utilizador VALUES ( '99123435', 'Miguel César Tavares', '13-11-1972', '24 Redditch Road, Alvechurch,B48 7RZ', 'miguelct@hotmail.com', '278220530', '941393737', '158341893',  CONVERT(VARBINARY(128),'YRzKhV4jge'));
INSERT INTO Pulse.Utilizador VALUES ( '99123425', 'Sérgio Guilherme Santinho', '22-12-1973', 'Old Orchard, Springs Lane, Walton,LS23 7DL', 'sgs22@gmail.com', '273445118', '911812931', '526654398',  CONVERT(VARBINARY(128),'sFWdBDJrMp'));
INSERT INTO Pulse.Utilizador VALUES ( '99123415', 'Marco Gerónimo de Almeida', '26-9-1981', 'Flat 16, Amelia House, 11 Boulevard Drive, Colindale,NW9 5JP', 'almeidaMarco@hotmail.com', '255710813', '961197990', '767522570',  CONVERT(VARBINARY(128),'vrjxRXXLwR'));
INSERT INTO Pulse.Utilizador VALUES ( '99123305', 'Benedita Paula Francisa Chaves Campos', '22-5-1992', '343 Minster Road, Minster On Sea,ME12 3NR', 'benedita22pfcc@gmail.com', '287621561', '965867851', '341183635',  CONVERT(VARBINARY(128),'NqQXsGxPSx'));
INSERT INTO Pulse.Utilizador VALUES ( '99111111', 'Jorge Paula Marques II', '16-9-1949', '24 London Road, Woore,CW3 9SQ', 'jorgemarques2@outlook.com', '273979785', '933547201', '179589565',  CONVERT(VARBINARY(128),'QWVCh8sPqD'));
INSERT INTO Pulse.Utilizador VALUES ( '99222222', 'Jacinto Ferreira Fidálgo Couta', '23-7-1961', '20 Coningsby Drive, Manchester,M9 4XA', 'jacintoffc@gmail.com', '211845192', '982330265', '295825649',  CONVERT(VARBINARY(128),'mnJ48KanzV')); 
INSERT INTO Pulse.Utilizador VALUES ( '99333333', 'Vitór Alves Leite', '20-6-1949', '5 Springfields, Welwyn Garden City,AL8 6XS', 'vitorAleite20@gmail.com', '268528363', '921842067', '371923437',  CONVERT(VARBINARY(128),'gGSeQDnQcW'));      
INSERT INTO Pulse.Utilizador VALUES ( '99444444', 'Celso Vilhena Carvalho', '24-11-1970', '29 Lazonby Terrace, Carlisle,CA1 2PZ', 'celso@live.com.pt', '273695204', '979249120', '733217547',  CONVERT(VARBINARY(128),'cHsFHedAGP'));
INSERT INTO Pulse.Utilizador VALUES ( '99555555', 'Franciso Loupes Pinto', '8-7-1981', '15 Elms Farm Road, Hornchurch,RM12 5RH', 'franciscolopesp@hotmail.com', '245465090', '911653098', '356595968',  CONVERT(VARBINARY(128),'CSfzrdJ46G'));    
INSERT INTO Pulse.Utilizador VALUES ( '99666666', 'Asdrúbal Martins Marques', '19-4-1950', 'Flat 2, 39 Philbeach Gardens, London,SW5 9EB', 'asdubalmm@live.com.pt', '267516098', '993707728', '796206890',  CONVERT(VARBINARY(128),'3bp2vsP3Zz'));
INSERT INTO Pulse.Utilizador VALUES ( '99875986', 'Aida Silva Damião', '30-7-1949', '3 Mount Pleasant, Stoke Hammond,MK17 9EX', 'AIDaSd@hotmail.com', '252897783', '928147054', '159069880',  CONVERT(VARBINARY(128),'enpjndZDGE'));
INSERT INTO Pulse.Utilizador VALUES ( '99000001', 'Lucas Porto Barata', '28-9-1974', 'Hurdcot, Berkeley Heath,GL13 9ES', 'lucasportobarata@gmail.com', '233349240', '968777435', '283526307',  CONVERT(VARBINARY(128),'UXJLnDTqhk'));
INSERT INTO Pulse.Utilizador VALUES ( '99006600', 'Rita Sal de Moura', '10-2-1989', 'Flat 4, St. Marks Heights, 2 Lamberts Road, Surbiton,KT5 8AZ', 'salrm@gmail.com', '283689907', '974079305', '258694699',  CONVERT(VARBINARY(128),'X6YNWUqjFC'));
INSERT INTO Pulse.Utilizador VALUES ( '99006900', 'Rodrigo Pardal Lacerda', '14-12-1991', '29 Rowarth Avenue, Kesgrave,IP5 2FL', 'rodrigopardal54@hotmail.com', '972006047', '232974294', '224303234',  CONVERT(VARBINARY(128),'fvYAZkdWPk'));  


INSERT INTO Pulse.Paciente VALUES ( '50338260', 'Consulta Marcada', 'Fora do Hospital');
INSERT INTO Pulse.Paciente VALUES ( '55914767', 'Diagnosticado com Diabetes Tipo 2', 'Consultório do Médico');
INSERT INTO Pulse.Paciente VALUES ( '00675411', 'Diagnosticado com otite', 'Consultório do Médico');
INSERT INTO Pulse.Paciente VALUES ( '48501213', 'Cuidados intensivos a ser entubado', 'UCI');
INSERT INTO Pulse.Paciente VALUES ( '45671849', 'Bloco Operatório: cirurgia ao cerebro em procedimento', 'Bloco Operatório');
INSERT INTO Pulse.Paciente VALUES ( '00358934', 'Consulta Marcada', 'Fora do Hospital');
INSERT INTO Pulse.Paciente VALUES ( '54885332', 'Internado', 'Cuidados Paleativos');
INSERT INTO Pulse.Paciente VALUES ( '49538223', 'Osso fraturado', 'Ortopedia');
INSERT INTO Pulse.Paciente VALUES ( '52022543', 'Consulta Marcada', 'Fora do Hospital');
INSERT INTO Pulse.Paciente VALUES ( '23637966', 'Consulta Marcada', 'Fora do Hospital');
INSERT INTO Pulse.Paciente VALUES ( '11503296', 'Cuidados intensivos', 'UCI');
INSERT INTO Pulse.Paciente VALUES ( '10038011', 'Internado', 'Oncologia');
INSERT INTO Pulse.Paciente VALUES ( '51169701', 'Ligado às máquinas respiratórias', 'UCI');
INSERT INTO Pulse.Paciente VALUES ( '47572155', 'Em espera pela triagem', 'Sala de Espera');
INSERT INTO Pulse.Paciente VALUES ( '36761300', 'Consulta Marcada', 'Fora do Hospital');
INSERT INTO Pulse.Paciente VALUES ( '55943877', 'Bloco Operatório', 'Bloco Operatório');
INSERT INTO Pulse.Paciente VALUES ( '00590444', 'Em espera pela triagem', 'Sala de Espera');
INSERT INTO Pulse.Paciente VALUES ( '02235726', 'Em espera pela triagem', 'Sala de Espera');
INSERT INTO Pulse.Paciente VALUES ( '53785363', 'Consulta Marcada', 'Fora do Hospital');
INSERT INTO Pulse.Paciente VALUES ( '42849568', 'Internado', 'Zona COVID');
INSERT INTO Pulse.Paciente VALUES ( '35747368', 'Em espera pela triagem', 'Sala de Espera');
INSERT INTO Pulse.Paciente VALUES ( '40044245', 'Bloco Operatório', 'Bloco Operatório');
INSERT INTO Pulse.Paciente VALUES ( '46274855', 'Consulta Marcada', 'Fora do Hospital');


INSERT INTO Pulse.Atende VALUES ( '50338260', '99333333');
INSERT INTO Pulse.Atende VALUES ( '55914767', '99123451');
INSERT INTO Pulse.Atende VALUES ( '00675411', '99123445');
INSERT INTO Pulse.Atende VALUES ( '48501213', '99123445');
INSERT INTO Pulse.Atende VALUES ( '45671849', '99123435');
INSERT INTO Pulse.Atende VALUES ( '00358934', '99123425');
INSERT INTO Pulse.Atende VALUES ( '54885332', '99123415');
INSERT INTO Pulse.Atende VALUES ( '49538223', '99123451');


INSERT INTO Pulse.Acompanha(CodigoPacienteAcompanha, CodigoAcompanhanteAcompanha) VALUES ( '47572155', '51237620');
INSERT INTO Pulse.Acompanha(CodigoPacienteAcompanha, CodigoAcompanhanteAcompanha) VALUES ( '36761300', '53594450');
INSERT INTO Pulse.Acompanha(CodigoPacienteAcompanha, CodigoAcompanhanteAcompanha) VALUES ( '55943877', '25896674');
INSERT INTO Pulse.Acompanha(CodigoPacienteAcompanha, CodigoAcompanhanteAcompanha) VALUES ( '00590444', '47856140');
INSERT INTO Pulse.Acompanha(CodigoPacienteAcompanha, CodigoAcompanhanteAcompanha) VALUES ( '02235726', '42141937');
INSERT INTO Pulse.Acompanha(CodigoPacienteAcompanha, CodigoAcompanhanteAcompanha) VALUES ( '53785363', '55205096');
INSERT INTO Pulse.Acompanha(CodigoPacienteAcompanha, CodigoAcompanhanteAcompanha) VALUES ( '42849568', '56399298');


INSERT INTO Pulse.Turno VALUES ( '91332', '10-06-2020', '00:00', '08:00', 'Triagem');
INSERT INTO Pulse.Turno VALUES ( '91382', '10-06-2020', '00:00', '08:00', 'Bloco Operatorio');
INSERT INTO Pulse.Turno VALUES ( '99921', '10-06-2020', '16:00', '23:30', 'UCIP');
INSERT INTO Pulse.Turno VALUES ( '93349', '10-06-2020', '00:00', '08:00', 'Consulta');
INSERT INTO Pulse.Turno VALUES ( '96518', '11-06-2020', '00:00', '08:00', 'Triagem');
INSERT INTO Pulse.Turno VALUES ( '93488', '11-06-2020', '08:00', '16:00', 'Bloco Operatorio');
INSERT INTO Pulse.Turno VALUES ( '92975', '11-06-2020', '16:00', '23:30', 'UCIP');
INSERT INTO Pulse.Turno VALUES ( '94210', '11-06-2020', '00:00', '08:00', 'Triagem');
INSERT INTO Pulse.Turno VALUES ( '96372', '12-06-2020', '00:00', '08:00', 'Bloco Operatorio');
INSERT INTO Pulse.Turno VALUES ( '98380', '12-06-2020', '08:00', '16:00', 'Triagem');
INSERT INTO Pulse.Turno VALUES ( '94232', '12-06-2020', '16:00', '23:30', 'Triagem');
INSERT INTO Pulse.Turno VALUES ( '96641', '12-06-2020', '00:00', '08:00', 'UCIP');
INSERT INTO Pulse.Turno VALUES ( '92636', '13-06-2020', '00:00', '08:00', 'Bloco Operatorio');
INSERT INTO Pulse.Turno VALUES ( '92248', '13-06-2020', '08:00', '16:00', 'Triagem');
INSERT INTO Pulse.Turno VALUES ( '93072', '13-06-2020', '16:00', '23:30', 'Bloco Operatorio');
INSERT INTO Pulse.Turno VALUES ( '94462', '13-06-2020', '00:00', '08:00', 'UCIP');
INSERT INTO Pulse.Turno VALUES ( '91928', '14-06-2020', '00:00', '08:00', 'Consulta');
INSERT INTO Pulse.Turno VALUES ( '92170', '14-06-2020', '08:00', '16:00', 'Consulta');
INSERT INTO Pulse.Turno VALUES ( '94281', '14-06-2020', '16:00', '23:30', 'UCIP');
INSERT INTO Pulse.Turno VALUES ( '99111', '14-06-2020', '00:00', '08:00', 'Consulta');
INSERT INTO Pulse.Turno VALUES ( '91817', '15-06-2020', '00:00', '08:00', 'Triagem');
INSERT INTO Pulse.Turno VALUES ( '93730', '15-06-2020', '08:00', '16:00', 'Bloco Operatorio');
INSERT INTO Pulse.Turno VALUES ( '92538', '15-06-2020', '16:00', '23:30', 'UCIP');
INSERT INTO Pulse.Turno VALUES ( '94690', '15-06-2020', '00:00', '08:00', 'Triagem');
INSERT INTO Pulse.Turno VALUES ( '97001', '16-06-2020', '00:00', '08:00', 'Triagem');
INSERT INTO Pulse.Turno VALUES ( '99397', '16-06-2020', '08:00', '16:00', 'Bloco Operatorio');
INSERT INTO Pulse.Turno VALUES ( '98641', '16-06-2020', '16:00', '23:30', 'Triagem');
INSERT INTO Pulse.Turno VALUES ( '99874', '16-06-2020', '00:00', '08:00', 'Bloco Operatorio');

INSERT INTO Pulse.Realiza VALUES ( '99123452', '96518');
INSERT INTO Pulse.Realiza VALUES ( '99123451', '93488');
INSERT INTO Pulse.Realiza VALUES ( '99123445', '92975');
INSERT INTO Pulse.Realiza VALUES ( '99123435', '92636');
INSERT INTO Pulse.Realiza VALUES ( '99875986', '92248');
INSERT INTO Pulse.Realiza VALUES ( '99000001', '93072');
INSERT INTO Pulse.Realiza VALUES ( '99006600', '94462');
INSERT INTO Pulse.Realiza VALUES ( '99444444', '91928');
INSERT INTO Pulse.Realiza VALUES ( '99555555', '91817');
INSERT INTO Pulse.Realiza VALUES ( '99666666', '93730');
INSERT INTO Pulse.Realiza VALUES ( '99123451', '92538');
INSERT INTO Pulse.Realiza VALUES ( '99123445', '98641');
INSERT INTO Pulse.Realiza VALUES ( '99123435', '99874');

GO
SET IDENTITY_INSERT Pulse.Consulta ON;

INSERT INTO Pulse.Consulta(ID, Hora, Data, NrConsultorio, CodigoMedico, CodigoPaciente) VALUES ( 98731, '11:41', '07-08-2020', 94, '99123452', '50338260');
INSERT INTO Pulse.Consulta(ID, Hora, Data, NrConsultorio, CodigoMedico, CodigoPaciente) VALUES ( 96857, '09:52', '18-08-2020', 16, '99123451', '00358934');
INSERT INTO Pulse.Consulta(ID, Hora, Data, NrConsultorio, CodigoMedico, CodigoPaciente) VALUES ( 93577, '09:47', '28-05-2020', 89, '99123445', '52022543');
INSERT INTO Pulse.Consulta(ID, Hora, Data, NrConsultorio, CodigoMedico, CodigoPaciente) VALUES ( 96564, '13:39', '01-06-2020', 8, '99123435', '23637966');
INSERT INTO Pulse.Consulta(ID, Hora, Data, NrConsultorio, CodigoMedico, CodigoPaciente) VALUES ( 94339, '09:42', '18-12-2020', 87, '99111111', '36761300');
INSERT INTO Pulse.Consulta(ID, Hora, Data, NrConsultorio, CodigoMedico, CodigoPaciente) VALUES ( 97968, '12:23', '05-07-2020', 24, '99222222', '53785363');
INSERT INTO Pulse.Consulta(ID, Hora, Data, NrConsultorio, CodigoMedico, CodigoPaciente) VALUES ( 94221, '10:31', '27-11-2020', 41, '99333333', '46274855');
INSERT INTO Pulse.Consulta(ID, Hora, Data, NrConsultorio, CodigoMedico, CodigoPaciente) VALUES ( 90757, '10:08', '07-10-2019', 94, '99123452', '50338260');
INSERT INTO Pulse.Consulta(ID, Hora, Data, NrConsultorio, CodigoMedico, CodigoPaciente) VALUES ( 98472, '14:50', '8-1-2019', 16, '99123451', '00358934');
INSERT INTO Pulse.Consulta(ID, Hora, Data, NrConsultorio, CodigoMedico, CodigoPaciente) VALUES ( 99664, '14:59', '02-12-2019', 89, '99123445', '52022543');
INSERT INTO Pulse.Consulta(ID, Hora, Data, NrConsultorio, CodigoMedico, CodigoPaciente) VALUES ( 90574, '11:11', '10-09-2019', 8, '99123435', '23637966');
INSERT INTO Pulse.Consulta(ID, Hora, Data, NrConsultorio, CodigoMedico, CodigoPaciente) VALUES ( 95486, '12:50', '26-05-2019', 87, '99111111', '36761300');
INSERT INTO Pulse.Consulta(ID, Hora, Data, NrConsultorio, CodigoMedico, CodigoPaciente) VALUES ( 93504, '12:23', '05-02-2020', 24, '99222222', '53785363');
 

INSERT INTO Pulse.Receita VALUES ( '53059', '07-10-2019');
INSERT INTO Pulse.Receita VALUES ( '88075', '8-1-2019');
INSERT INTO Pulse.Receita VALUES ( '63649', '02-12-2019');
INSERT INTO Pulse.Receita VALUES ( '35620', '10-09-2019');
INSERT INTO Pulse.Receita VALUES ( '78064', '26-05-2019');
INSERT INTO Pulse.Receita VALUES ( '85292', '05-02-2020')


INSERT INTO Pulse.Medicamento VALUES ( '956874', 'Insulina', 'Injeção diaria 5mL', '53059');
INSERT INTO Pulse.Medicamento VALUES ( '504378', 'Ben-u-rom', '8 em 8 h', '88075');
INSERT INTO Pulse.Medicamento VALUES ( '176912', 'Aerius', '2 por dia', '63649');
INSERT INTO Pulse.Medicamento VALUES ( '818256', 'Concor', '1 depois de jantar', '35620');
INSERT INTO Pulse.Medicamento VALUES ( '310600', 'Alergonix', '1 ao deitar', '78064');
INSERT INTO Pulse.Medicamento VALUES ( '294857', 'Singular', '1 por dia', '88075');
INSERT INTO Pulse.Medicamento VALUES ( '343663', 'Fentanilo', 'SOS', '63649');
INSERT INTO Pulse.Medicamento VALUES ( '464047', 'Retinol', 'SOS', '35620');


INSERT INTO Pulse.TemReceita VALUES ( 90757, '53059');
INSERT INTO Pulse.TemReceita VALUES ( 98472, '88075');
INSERT INTO Pulse.TemReceita VALUES ( 99664, '63649');
INSERT INTO Pulse.TemReceita VALUES ( 90574, '35620');
INSERT INTO Pulse.TemReceita VALUES ( 95486, '78064');
INSERT INTO Pulse.TemReceita VALUES ( 93504, '85292');


INSERT INTO Pulse.Analise VALUES ( '53059', '11-10-2019', 'Analise ao sangue');
INSERT INTO Pulse.Analise VALUES ( '88075', '12-1-2019', 'Raio-X');
INSERT INTO Pulse.Analise VALUES ( '63649', '16-12-2019', 'Colonoscopia');
INSERT INTO Pulse.Analise VALUES ( '35620', '26-09-2019', 'Analise ao Sangue');
INSERT INTO Pulse.Analise VALUES ( '78064', '28-05-2019', 'Analise à  urina');
INSERT INTO Pulse.Analise VALUES ( '85292', '06-02-2020', 'Raio-X');


INSERT INTO Pulse.TemAnalise VALUES ( 90757, '53059');
INSERT INTO Pulse.TemAnalise VALUES ( 98472, '88075');
INSERT INTO Pulse.TemAnalise VALUES ( 99664, '63649');
INSERT INTO Pulse.TemAnalise VALUES ( 90574, '35620');
INSERT INTO Pulse.TemAnalise VALUES ( 95486, '78064');
INSERT INTO Pulse.TemAnalise VALUES ( 93504, '85292');


INSERT INTO Pulse.Fatura VALUES ( '62953', '233.46', '27-10-2019', '55914767');
INSERT INTO Pulse.Fatura VALUES ( '28905', '172.91', '17-06-2019', '00675411');
INSERT INTO Pulse.Fatura VALUES ( '86598', '429.64', '09-05-2019', '48501213');
INSERT INTO Pulse.Fatura VALUES ( '34284', '286.08', '30-11-2019', '45671849');
INSERT INTO Pulse.Fatura VALUES ( '46798', '498.42', '23-09-2019', '00358934');
INSERT INTO Pulse.Fatura VALUES ( '74022', '192.57', '07-07-2019', '54885332');
INSERT INTO Pulse.Fatura VALUES ( '65482', '167.92', '30-08-2019', '11503296');
INSERT INTO Pulse.Fatura VALUES ( '55056', '426.17', '16-03-2019', '00675411');
INSERT INTO Pulse.Fatura VALUES ( '62738', '234.33', '11-03-2019', '55943877');
INSERT INTO Pulse.Fatura VALUES ( '75010', '302.91', '19-11-2019', '45671849');
INSERT INTO Pulse.Fatura VALUES ( '12360', '250.94', '07-03-2019', '23637966');
INSERT INTO Pulse.Fatura VALUES ( '52389', '392.27', '24-07-2019', '23637966');
INSERT INTO Pulse.Fatura VALUES ( '95970', '442.79', '07-09-2019', '11503296');
INSERT INTO Pulse.Fatura VALUES ( '74598', '47.64', '11-08-2019', '00590444');
 

INSERT INTO Pulse.Turno VALUES ( '64963', '07-08-2020', '08:00', '16:00', 'Consulta');
INSERT INTO Pulse.Turno VALUES ( '66115', '07-10-2019', '08:00', '16:00', 'Consulta');
INSERT INTO Pulse.Turno VALUES ( '62118', '07-06-2020', '08:00', '16:00', 'Consulta');
INSERT INTO Pulse.Turno VALUES ( '75988', '16-06-2020', '08:00', '16:00', 'Consulta');
INSERT INTO Pulse.Turno VALUES ( '60519', '23-06-2020', '08:00', '16:00', 'Consulta');
INSERT INTO Pulse.Turno VALUES ( '76520', '26-06-2020', '08:00', '16:00', 'Consulta');
INSERT INTO Pulse.Turno VALUES ( '60650', '02-07-2020', '08:00', '16:00', 'Consulta');
INSERT INTO Pulse.Turno VALUES ( '79490', '18-08-2020', '08:00', '16:00', 'Consulta');
INSERT INTO Pulse.Turno VALUES ( '72452', '08-01-2020', '08:00', '16:00', 'Consulta');
INSERT INTO Pulse.Turno VALUES ( '62353', '28-05-2020', '08:00', '16:00', 'Consulta');
INSERT INTO Pulse.Turno VALUES ( '75495', '02-12-2019', '08:00', '16:00', 'Consulta');
INSERT INTO Pulse.Turno VALUES ( '78047', '01-06-2020', '08:00', '16:00', 'Consulta');
INSERT INTO Pulse.Turno VALUES ( '69738', '10-09-2019', '08:00', '16:00', 'Consulta');
INSERT INTO Pulse.Turno VALUES ( '65601', '18-12-2020', '08:00', '16:00', 'Consulta');
INSERT INTO Pulse.Turno VALUES ( '71018', '26-05-2019', '08:00', '16:00', 'Consulta');
INSERT INTO Pulse.Turno VALUES ( '70252', '15-07-2020', '08:00', '16:00', 'Consulta');
INSERT INTO Pulse.Turno VALUES ( '75976', '26-07-2020', '08:00', '16:00', 'Consulta');
INSERT INTO Pulse.Turno VALUES ( '69308', '31-07-2020', '08:00', '16:00', 'Consulta');
INSERT INTO Pulse.Turno VALUES ( '67059', '26-06-2020', '08:00', '16:00', 'Consulta');
INSERT INTO Pulse.Turno VALUES ( '71592', '05-07-2020', '08:00', '16:00', 'Consulta');
INSERT INTO Pulse.Turno VALUES ( '78314', '05-02-2020', '08:00', '16:00', 'Consulta');
INSERT INTO Pulse.Turno VALUES ( '65286', '27-11-2020', '08:00', '16:00', 'Consulta');
INSERT INTO Pulse.Turno VALUES ( '74517', '08-06-2020', '08:00', '16:00', 'Consulta');
INSERT INTO Pulse.Turno VALUES ( '74199', '15-06-2020', '08:00', '16:00', 'Consulta');
INSERT INTO Pulse.Turno VALUES ( '76340', '19-06-2020', '08:00', '16:00', 'Consulta');
INSERT INTO Pulse.Turno VALUES ( '64482', '27-06-2020', '08:00', '16:00', 'Consulta');
INSERT INTO Pulse.Turno VALUES ( '61408', '13-07-2020', '08:00', '16:00', 'Consulta');
INSERT INTO Pulse.Turno VALUES ( '72070', '20-07-2020', '08:00', '16:00', 'Consulta');
INSERT INTO Pulse.Turno VALUES ( '70181', '21-07-2020', '08:00', '16:00', 'Consulta');
INSERT INTO Pulse.Turno VALUES ( '68193', '23-07-2020', '08:00', '16:00', 'Consulta');
INSERT INTO Pulse.Turno VALUES ( '79094', '27-06-2020', '08:00', '16:00', 'Consulta');
INSERT INTO Pulse.Turno VALUES ( '71606', '12-06-2020', '08:00', '16:00', 'Consulta');
INSERT INTO Pulse.Turno VALUES ( '73437', '18-06-2020', '08:00', '16:00', 'Consulta');
INSERT INTO Pulse.Turno VALUES ( '62496', '24-06-2020', '08:00', '16:00', 'Consulta');
INSERT INTO Pulse.Turno VALUES ( '61465', '17-07-2020', '08:00', '16:00', 'Consulta');
INSERT INTO Pulse.Turno VALUES ( '69679', '19-07-2020', '08:00', '16:00', 'Consulta');
INSERT INTO Pulse.Turno VALUES ( '67504', '06-07-2020', '08:00', '16:00', 'Consulta');
INSERT INTO Pulse.Turno VALUES ( '77811', '07-07-2020', '08:00', '16:00', 'Consulta');
INSERT INTO Pulse.Turno VALUES ( '71092', '09-07-2020', '08:00', '16:00', 'Consulta');

INSERT INTO Pulse.Consulta(ID, Hora, Data, NrConsultorio, CodigoMedico, CodigoPaciente) VALUES ( 80459, '08:30', '07-06-2020', '92', '99123452', '49538223');
INSERT INTO Pulse.Consulta(ID, Hora, Data, NrConsultorio, CodigoMedico, CodigoPaciente) VALUES ( 83284, '12:30', '08-06-2020', '60', '99123455', '52022543');
INSERT INTO Pulse.Consulta(ID, Hora, Data, NrConsultorio, CodigoMedico, CodigoPaciente) VALUES ( 84231, '09:30', '12-06-2020', '19', '99123454', '52022543');
INSERT INTO Pulse.Consulta(ID, Hora, Data, NrConsultorio, CodigoMedico, CodigoPaciente) VALUES ( 87563, '10:00', '15-06-2020', '13', '99123455', '23637966');
INSERT INTO Pulse.Consulta(ID, Hora, Data, NrConsultorio, CodigoMedico, CodigoPaciente) VALUES ( 85446, '11:30', '16-06-2020', '15', '99123452', '10038011');
INSERT INTO Pulse.Consulta(ID, Hora, Data, NrConsultorio, CodigoMedico, CodigoPaciente) VALUES ( 80599, '09:30', '18-06-2020', '73', '99123454', '23637966');
INSERT INTO Pulse.Consulta(ID, Hora, Data, NrConsultorio, CodigoMedico, CodigoPaciente) VALUES ( 85964, '09:00', '19-06-2020', '60', '99123455', '11503296');
INSERT INTO Pulse.Consulta(ID, Hora, Data, NrConsultorio, CodigoMedico, CodigoPaciente) VALUES ( 83018, '09:30', '23-06-2020', '82', '99123452', '51169701');
INSERT INTO Pulse.Consulta(ID, Hora, Data, NrConsultorio, CodigoMedico, CodigoPaciente) VALUES ( 85385, '10:00', '24-06-2020', '62', '99123454', '47572155');
INSERT INTO Pulse.Consulta(ID, Hora, Data, NrConsultorio, CodigoMedico, CodigoPaciente) VALUES ( 83566, '10:30', '26-06-2020', '74', '99123452', '36761300');
INSERT INTO Pulse.Consulta(ID, Hora, Data, NrConsultorio, CodigoMedico, CodigoPaciente) VALUES ( 83223, '13:00', '27-06-2020', '73', '99123455', '00590444');
INSERT INTO Pulse.Consulta(ID, Hora, Data, NrConsultorio, CodigoMedico, CodigoPaciente) VALUES ( 80276, '13:30', '02-07-2020', '78', '99123452', '02235726');
INSERT INTO Pulse.Consulta(ID, Hora, Data, NrConsultorio, CodigoMedico, CodigoPaciente) VALUES ( 87408, '14:00', '06-07-2020', '3', '99666666', '23637966');
INSERT INTO Pulse.Consulta(ID, Hora, Data, NrConsultorio, CodigoMedico, CodigoPaciente) VALUES ( 81882, '14:30', '07-07-2020', '46', '99666666', '11503296');
INSERT INTO Pulse.Consulta(ID, Hora, Data, NrConsultorio, CodigoMedico, CodigoPaciente) VALUES ( 80212, '10:00', '09-07-2020', '15', '99666666', '10038011');
INSERT INTO Pulse.Consulta(ID, Hora, Data, NrConsultorio, CodigoMedico, CodigoPaciente) VALUES ( 83401, '10:30', '13-07-2020', '31', '99123455', '51169701');
INSERT INTO Pulse.Consulta(ID, Hora, Data, NrConsultorio, CodigoMedico, CodigoPaciente) VALUES ( 83881, '11:00', '15-07-2020', '24', '99111111', '47572155');
INSERT INTO Pulse.Consulta(ID, Hora, Data, NrConsultorio, CodigoMedico, CodigoPaciente) VALUES ( 84872, '12:30', '17-07-2020', '54', '99123454', '36761300');
INSERT INTO Pulse.Consulta(ID, Hora, Data, NrConsultorio, CodigoMedico, CodigoPaciente) VALUES ( 84866, '14:00', '19-07-2020', '31', '99123454', '55943877');
INSERT INTO Pulse.Consulta(ID, Hora, Data, NrConsultorio, CodigoMedico, CodigoPaciente) VALUES ( 82561, '14:30', '20-07-2020', '45', '99123455', '00590444');
INSERT INTO Pulse.Consulta(ID, Hora, Data, NrConsultorio, CodigoMedico, CodigoPaciente) VALUES ( 85487, '09:30', '21-07-2020', '73', '99123455', '02235726');
INSERT INTO Pulse.Consulta(ID, Hora, Data, NrConsultorio, CodigoMedico, CodigoPaciente) VALUES ( 82549, '10:00', '23-07-2020', '35', '99123455', '53785363');
INSERT INTO Pulse.Consulta(ID, Hora, Data, NrConsultorio, CodigoMedico, CodigoPaciente) VALUES ( 86312, '10:30', '26/07/2020', '79', '99111111', '42849568');
INSERT INTO Pulse.Consulta(ID, Hora, Data, NrConsultorio, CodigoMedico, CodigoPaciente) VALUES ( 89689, '11:00', '27/07/2020', '1', '99123455', '55943877');
INSERT INTO Pulse.Consulta(ID, Hora, Data, NrConsultorio, CodigoMedico, CodigoPaciente) VALUES ( 80981, '12:00', '31/07/2020', '99', '99111111', '00590444');
INSERT INTO Pulse.Consulta(ID, Hora, Data, NrConsultorio, CodigoMedico, CodigoPaciente) VALUES ( 87761, '12:30', '26/06/2020', '23', '99111111', '02235726');


INSERT INTO Pulse.Realiza VALUES ( '99123452', '64963');
INSERT INTO Pulse.Realiza VALUES ( '99123452', '66115');
INSERT INTO Pulse.Realiza VALUES ( '99123452', '62118');
INSERT INTO Pulse.Realiza VALUES ( '99123452', '75988');
INSERT INTO Pulse.Realiza VALUES ( '99123452', '60519');
INSERT INTO Pulse.Realiza VALUES ( '99123452', '76520');
INSERT INTO Pulse.Realiza VALUES ( '99123452', '60650');
INSERT INTO Pulse.Realiza VALUES ( '99123451', '79490');
INSERT INTO Pulse.Realiza VALUES ( '99123451', '72452');
INSERT INTO Pulse.Realiza VALUES ( '99123445', '62353');
INSERT INTO Pulse.Realiza VALUES ( '99123445', '75495');
INSERT INTO Pulse.Realiza VALUES ( '99123435', '78047');
INSERT INTO Pulse.Realiza VALUES ( '99123435', '69738');
INSERT INTO Pulse.Realiza VALUES ( '99111111', '65601');
INSERT INTO Pulse.Realiza VALUES ( '99111111', '71018');
INSERT INTO Pulse.Realiza VALUES ( '99111111', '70252');
INSERT INTO Pulse.Realiza VALUES ( '99111111', '75976');
INSERT INTO Pulse.Realiza VALUES ( '99111111', '69308');
INSERT INTO Pulse.Realiza VALUES ( '99111111', '67059');
INSERT INTO Pulse.Realiza VALUES ( '99222222', '71592');
INSERT INTO Pulse.Realiza VALUES ( '99222222', '78314');
INSERT INTO Pulse.Realiza VALUES ( '99333333', '65286');
INSERT INTO Pulse.Realiza VALUES ( '99123455', '74517');
INSERT INTO Pulse.Realiza VALUES ( '99123455', '74199');
INSERT INTO Pulse.Realiza VALUES ( '99123455', '76340');
INSERT INTO Pulse.Realiza VALUES ( '99123455', '64482');
INSERT INTO Pulse.Realiza VALUES ( '99123455', '61408');
INSERT INTO Pulse.Realiza VALUES ( '99123455', '72070');
INSERT INTO Pulse.Realiza VALUES ( '99123455', '70181');
INSERT INTO Pulse.Realiza VALUES ( '99123455', '68193');
INSERT INTO Pulse.Realiza VALUES ( '99123455', '79094');
INSERT INTO Pulse.Realiza VALUES ( '99123454', '71606');
INSERT INTO Pulse.Realiza VALUES ( '99123454', '73437');
INSERT INTO Pulse.Realiza VALUES ( '99123454', '62496');
INSERT INTO Pulse.Realiza VALUES ( '99123454', '61465');
INSERT INTO Pulse.Realiza VALUES ( '99123454', '69679');
INSERT INTO Pulse.Realiza VALUES ( '99666666', '67504');
INSERT INTO Pulse.Realiza VALUES ( '99666666', '77811');
INSERT INTO Pulse.Realiza VALUES ( '99666666', '71092');

GO
SET IDENTITY_INSERT Pulse.Consulta OFF;

--ALTERAÇÕES POSTERIORES

INSERT INTO Pulse.Analise VALUES ( '69649', '20-08-2020', 'Ressonância Magnética');
INSERT INTO Pulse.TemAnalise VALUES ( 99664, '69649');

INSERT INTO Pulse.Fatura VALUES ( '82372', '390', '16-12-2019', '52022543');

INSERT INTO Pulse.Consulta(Hora, Data, NrConsultorio, CodigoMedico, CodigoPaciente) VALUES ('10:30', '18-06-2020', 16, '99123451', '10038011');
INSERT INTO Pulse.Consulta(Hora, Data, NrConsultorio, CodigoMedico, CodigoPaciente) VALUES ('12:30', '18-06-2020', 16, '99123451', '47572155');
INSERT INTO Pulse.Consulta(Hora, Data, NrConsultorio, CodigoMedico, CodigoPaciente) VALUES ('10:00', '19-06-2020', 16, '99123451', '54885332');
INSERT INTO Pulse.Consulta(Hora, Data, NrConsultorio, CodigoMedico, CodigoPaciente) VALUES ('11:00', '19-06-2020', 16, '99123451', '56399298');
INSERT INTO Pulse.Consulta(Hora, Data, NrConsultorio, CodigoMedico, CodigoPaciente) VALUES ('14:30', '19-06-2020', 16, '99123451', '40044245');
INSERT INTO Pulse.Consulta(Hora, Data, NrConsultorio, CodigoMedico, CodigoPaciente) VALUES ('16:00', '20-06-2020', 16, '99123451', '00675411');

INSERT INTO Pulse.Turno VALUES ( '79491', '18-06-2020', '08:00', '16:00', 'Consulta');
INSERT INTO Pulse.Turno VALUES ( '79492', '19-06-2020', '08:00', '16:00', 'Consulta');
INSERT INTO Pulse.Turno VALUES ( '79495', '20-06-2020', '08:00', '16:00', 'Consulta');

INSERT INTO Pulse.Realiza VALUES ( '99123451', '79491');
INSERT INTO Pulse.Realiza VALUES ( '99123451', '79492');
INSERT INTO Pulse.Realiza VALUES ( '99123451', '79495');


INSERT INTO Pulse.Receita VALUES ( '15660', '28-05-2020');
INSERT INTO Pulse.Medicamento VALUES ( '253414', 'Xanax', 'Em caso de ansiedade', '15660');

INSERT INTO Pulse.TemReceita VALUES ( 93577, '15660');